title,release_date,recommend,user_id,review
Lost Summoner Kitty,2018-01-04,True,Wackky,1.0
Ironbound,2018-01-04,True,kevinator23,0.0
Real Pool D  Poolians,2017-07-24,True,Lord_Exploit,2.0
Battle Royale Trainer,2018-01-04,True,2768820078,1.0
SNOW  All Access Pro Pass,2018-01-04,True,1337lolroflmao,2.0
SNOW  All Access Legend Pass,2018-01-04,False,Mastic,0.0
Army of Tentacles Not A Cthulhu Dating Sim Black GOAT of the Woods Edition,2018-01-04,True,Mastic,2.0
Beach Rules,2018-01-04,True,76561198104393251,1.0
Planetarium   Zen Odyssey,2018-01-03,True,H1DD3NT3RR0R,0.0
The first thrust of God,2018-01-03,True,H1DD3NT3RR0R,0.0
SNOW  Starter Pack,2018-01-03,True,pikawuu2,0.0
The first thrust of God  All Aircrafts,2018-01-03,True,76561198145436942,2.0
SNOW  Lifetime Pack,2018-01-03,False,Forty-Nine,2.0
The Warrior Of Treasures,2018-01-03,False,750805,0.0
RC Plane   Canyon Scenario,2017-12-22,False,750805,0.0
RC Plane   FB,2017-12-23,False,76561198054465623,0.0
DinoBlaster,2018-01-03,False,76561198074323290,2.0
Carmageddon Max Pack,1997-06-30,False,76561198003056556,0.0
HalfLife,1998-11-08,False,AMV72,0.0
Fallen Mage,2016-11-25,False,76561198039441595,1.0
Vaporwave Simulator,2018-01-01,True,armouredmarshmallow,0.0
Bitcoin Clicker,2018-01-01,True,armouredmarshmallow,2.0
Disciples II Galleans Return,2006-07-06,True,armouredmarshmallow,0.0
Disciples II Rise of the Elves,2006-07-06,True,armouredmarshmallow,2.0
The Ship Murder Party,2006-07-11,True,Astrelt,0.0
Souland,2017-12-29,True,76561198056980314,2.0
TAROTICA VOO DOO,2017-12-29,True,76561198057389499,2.0
Chronicles of Vinland,2017-12-29,False,76561198030735076,0.0
Orbitality,2017-12-29,True,Bonesdontrattlethem,1.0
Atomic Adam Episode ,2017-12-30,True,76561198062403736,0.0
Advent Rising,2005-08-09,True,hididdlyhoe,0.0
DEFCON,2006-09-29,True,dicksoutforboromir,0.0
The Ship Single Player,2006-11-20,True,ByzGirl,0.0
Garrys Mod,2006-11-29,True,calii,2.0
RACE  The WTCC Game,2006-11-24,False,76561198058842042,2.0
Zen of Sudoku,2006-12-14,True,Axzothrift,0.0
Gumboy  Crazy Adventures,2006-12-19,True,chidvd,2.0
Ghost Master,2003-08-23,True,SmeshDoge,2.0
Vegas Make It Big,2006-12-21,True,harrisonnorris,2.0
Dreamfall The Longest Journey,2006-04-17,True,76561198142474106,0.0
FlatOut ,2006-08-01,True,ciborg2000,0.0
FlatOut,2005-07-12,True,Norf_Norf,2.0
Lost Planet Extreme Condition,2007-06-26,True,Norf_Norf,1.0
CivCity Rome,2006-07-24,True,Norf_Norf,1.0
Arx Fatalis,2002-11-12,True,Norf_Norf,1.0
The Longest Journey,2000-11-17,True,Norf_Norf,1.0
Civilization IV Warlords,2006-07-24,True,Norf_Norf,2.0
Railroad Tycoon ,2003-10-23,True,Norf_Norf,2.0
Sid Meiers Railroads,2006-10-16,False,76561198041840982,2.0
Railroad Tycoon II Platinum,1998-10-31,False,76561198126142125,0.0
XCOM Terror From the Deep,1995-04-01,True,cruzercru,1.0
Tomb Raider Anniversary,2007-06-05,True,76561198044594262,0.0
Devil May Cry  Special Edition,2006-05-23,True,blablabla174,0.0
Sam amp Max  Culture Shock,2006-10-17,True,digfernandes,1.0
Final DOOM,1996-06-17,True,digfernandes,1.0
Sam amp Max  Situation Comedy,2006-12-20,True,DrVendax,2.0
Ultimate Doom,1995-04-30,True,DrVendax,2.0
Master Levels for Doom II,1995-06-01,True,XavvPlays,0.0
DOOM II,1994-05-05,True,76561198103524411,2.0
Wolfenstein D,1994-08-03,True,izumireina,2.0
Return to Castle Wolfenstein,2001-11-20,True,BajanCanidian,2.0
QUAKE Mission Pack  Scourge of Armagon,1997-02-28,True,Fluphy_,2.0
Spear of Destiny,1993-10-10,True,Frankaloons,2.0
BloodRayne,2003-09-09,True,idsoftwaresquake,1.0
QUAKE Mission Pack  Dissolution of Eternity,2007-08-03,False,Gterrestrial,2.0
QUAKE,2007-05-31,True,Halio99,2.0
Genesis Rising,2007-03-20,False,DeliciousPuddin,0.0
Warhammer  Dawn of War  Winter Assault,2006-01-01,False,harrylolman,0.0
BioShock,2007-08-21,True,fil96,2.0
Warhammer  Dawn of War  Game of the Year Edition,2006-01-01,True,TDOJ3DTDO,2.0
Warhammer  Dawn of War  Dark Crusade,2006-10-09,True,Hollowfun,1.0
Rome Total War  Collection,2004-09-22,True,IrishNZ,2.0
Rome Total War  Alexander,2006-06-26,True,tickets845,2.0
Mystery Case Files Madame Fate,2007-12-14,False,Infinitespeed,2.0
Manhunt,2004-04-20,True,76561198088860621,0.0
Midnight Club ,2003-07-01,True,ironcass,0.0
Max Payne  The Fall of Max Payne,2003-10-14,True,ironcass,2.0
Tomb Raider Legend,2006-04-07,True,ironcass,0.0
Max Payne,2001-07-25,False,ironcass,2.0
Command amp Conquer Red Alert ,2008-10-28,True,jdrocks,2.0
PuzzleQuest Challenge of the Warlords,2007-10-10,True,xexilex,2.0
Culpa Innata,2007-10-23,True,aligindahousebabykosha,2.0
Prison Tycoon  Lockdown,2007-08-01,True,1234567io9872345678765432,1.0
Hunting Unlimited ,2007-09-01,True,1234567io9872345678765432,2.0
 Wheels of Steel American Long Haul,2007-12-03,True,1234567io9872345678765432,2.0
Conflict Denied Ops,2008-02-08,True,JunG00berfuckingsucks,2.0
ARMA Combat Operations,2007-05-08,True,Justmatel,2.0
Desperados  Coopers Revenge,2006-05-02,True,76561198075749223,0.0
Death to Spies,2007-10-16,True,Snoresville,1.0
Act of War High Treason,2006-05-30,True,76561198055670224,0.0
RollerCoaster Tycoon  Platinum,2006-10-26,True,76561198055670224,0.0
Act of War Direct Action,2005-03-14,True,76561198055670224,2.0
Unreal  The Awakening,2003-02-03,True,76561198080125105,2.0
Unreal Gold,1998-04-30,True,Lickidactyl,2.0
Ninja Reflex Steamworks Edition,2008-03-21,False,linksupersayan,2.0
Tom Clancys Splinter Cell,2003-02-18,False,dietrich1998,0.0
Far Cry,2004-03-23,True,companothemuslim,2.0
Unreal Tournament Game of the Year Edition,2000-10-25,True,76561198095766418,0.0
Tom Clancys Rainbow Six Vegas,2006-12-12,False,G0LDENGUNNER,2.0
Silent Hunter III,2005-03-15,True,76561198063274178,2.0
Virtual Villagers  The Secret City,2008-05-28,True,76561198063274178,2.0
Mystery PI  The Vegas Heist,2008-06-04,True,76561198063274178,1.0
Luxor,2008-06-10,False,SpecGames,1.0
Reaxxion,2008-06-10,True,meeeedie,0.0
Little Farm,2008-06-10,True,tehbluscoot,2.0
 Wonders II,2008-06-10,False,tehbluscoot,0.0
Luxor Amun Rising,2005-12-08,True,stealthysteve,2.0
Luxor ,2007-11-13,False,stealthysteve,0.0
Petz Horsez ,2007-11-13,True,SwinburnCyphenMisslemike,2.0
Luxor ,2005-12-08,True,76561198101552611,1.0
Rayman Raving Rabbids,2007-03-27,True,76561198095856407,0.0
Silent Hunter Wolves of the Pacific,2007-03-20,True,whiteruby3,0.0
IL Sturmovik ,2006-12-15,True,MrPickle255,2.0
Silent Hunter Wolves of the Pacific UBoat Missions,2008-03-24,True,mwanan,0.0
Bone Out From Boneville,2005-09-15,True,76561198012741239,2.0
Midnight Outlaw  Hours to SunUp,2005-07-02,True,PiozZ,1.0
Bone The Great Cow Race,2006-04-12,False,PandaCorn666,0.0
Sprint Cars Road to Knoxville,2008-07-29,False,Karetchi,0.0
Ride Carnival Tycoon,2007-07-02,True,76561198068217106,0.0
Mahjongg Investigations Under Suspicion,2007-08-08,True,76561198068217106,0.0
Dracula Origin,2008-05-20,True,76561198067777635,1.0
Sherlock Holmes  Nemesis,2008-04-14,False,76561198002151678,2.0
Eternitys Child,2008-07-31,True,76561198002151678,0.0
Pacific Storm Allies,2007-05-25,False,76561198089541911,2.0
Tank Universal,2008-08-21,True,76561198089541911,1.0
FlatOut Ultimate Carnage,2008-08-19,True,76561198102977568,0.0
Oddworld Abes Exoddus,1998-11-17,True,Ravironio,2.0
Oddworld Abes Oddysee,1997-12-12,True,Revan_Aldrei,2.0
GTR Evolution Expansion Pack for RACE ,2008-09-01,True,Revan_Aldrei,0.0
XCOM Enforcer,2001-04-19,True,Revan_Aldrei,2.0
XCOM Apocalypse,1997-07-15,True,Revan_Aldrei,2.0
XCOM UFO Defense,1993-12-31,True,Revan_Aldrei,2.0
STALKER Clear Sky,2008-09-15,True,Revan_Aldrei,0.0
Crysis Warhead,2008-09-17,True,Revolver_,2.0
Crysis,2007-11-13,False,Matoota,0.0
XCOM Interceptor,1998-06-15,True,76561198092310770,2.0
The Witcher Enhanced Edition Directors Cut,2008-09-16,True,76561198092310770,2.0
Multiwinia,2008-09-19,False,Sam_Slade,0.0
STCC  The Game   Expansion Pack for RACE ,2008-10-22,True,MegaMario48,0.0
Children of the Nile Alexandria,2008-08-28,True,benjamingarrison,2.0
Sid Meiers Civilization IV Colonization,2008-09-23,False,Shredderman962,1.0
Tom Clancys Rainbow Six  Gold,2003-03-18,True,Simcra,2.0
LEGO Batman,2008-09-29,True,SpiritOfDeath2,2.0
City Life ,2008-07-18,True,justthathelicopterpilot,2.0
Hinterland,2008-09-30,True,coadstar101,2.0
Brothers in Arms Hells Highway,2008-10-08,False,coadstar101,2.0
Gravitron ,2008-08-31,True,_SNS_,2.0
Xpand Rally Xtreme,2006-12-01,True,_SNS_,2.0
Heroes of Might amp Magic V Hammers of Fate,2006-11-14,True,76561198060787863,2.0
Brothers in Arms Earned in Blood,2005-10-04,True,76561198060787863,0.0
Heroes of Might amp Magic V Tribes of the East,2007-10-16,False,space_jumper,0.0
The Settlers Rise Of An Empire Gold Edition,2008-04-18,True,76561198059845244,2.0
Brain Spa,2007-09-25,True,Kaj3n,0.0
The Sum of All Fears,2002-05-31,False,ssbatt,0.0
Peggle Nights,2008-10-15,True,stinglock,2.0
World of Goo,2008-10-13,True,76561198065863302,2.0
X Terran Conflict,2008-10-16,True,76561198074373301,0.0
Mare Nostrum,2008-10-17,True,superyoshiegg,2.0
Spectraball,2008-10-20,True,76561198070346631,2.0
Galactic Bowling,2008-10-21,False,76561198015930046,0.0
Bully Scholarship Edition,2008-10-21,True,94567,2.0
Far Cry  Fortunes Edition,2008-10-22,True,TheSuccIsGudd,0.0
Space Trader Merchant Marine,2008-10-23,True,thegreatds,1.0
PRR Wagon Pack ,2009-01-01,True,theironhex,1.0
Class  London South East Jaffa Cake,2009-01-01,True,76561198046806915,1.0
ATSF Wagon Pack ,2009-01-01,True,76561198065836764,2.0
GP Union Pacific Addon Livery,2009-01-01,True,76561198066582571,2.0
UK Van Wagon Pack,2009-01-01,True,Truebro115,2.0
CSX SDMAC Addon Livery,2009-01-01,True,Truebro115,2.0
CSX ESAC Addon Livery,2009-01-01,True,Truebro115,2.0
Saints Row ,2009-01-28,True,76561198056645429,2.0
Dead Space,2008-10-20,False,swagdog69,0.0
Rise of the Argonauts,2008-12-16,True,WalrusInSpace,2.0
Mirrors Edge,2009-01-13,True,wavezero,2.0
Defense Grid The Awakening,2008-12-08,False,76561198129265482,0.0
FEAR  Project Origin,2009-02-12,True,76561198072355008,2.0
Harvest Massive Encounter,2008-03-05,True,Harrasian,0.0
Mayhem Intergalactic,2007-07-04,True,Freeballin99,2.0
Larva Mortus,2009-03-19,True,xoffy,0.0
Knights of Honor,2005-05-10,True,xoffy,2.0
Ceville,2009-02-27,True,mikeytyson,0.0
Empire Total War  Special Forces Units amp Bonus Content,2009-03-04,False,mikeytyson,0.0
Watchmen The End is Nigh,2009-03-04,True,AdonSinky,2.0
Penumbra Overture,2007-03-30,True,76561198097470405,0.0
Unreal Tournament  Black,2007-11-19,True,76561198097470405,0.0
Drakensang,2009-02-27,True,Z1_M4N,1.0
The Graveyard,2008-03-21,True,AndyIzNogud,1.0
Burnout Paradise The Ultimate Box,2009-02-03,True,76561198036810976,2.0
The Maw,2009-03-09,True,Kootrasman,2.0
The Maw River Redirect,2009-03-16,True,76561198041284313,2.0
The Maw Brute Force,2009-03-16,True,76561198038259400,2.0
Obulis,2009-03-19,False,Xalibe,2.0
Space Giraffe,2009-03-19,True,MynameisAuz,0.0
Codename Panzers  Cold War,2009-03-10,False,76561198039469366,0.0
Escape Rosecliff Island,2009-04-15,True,76561198062785129,2.0
Guild Wars Nightfall,2006-10-27,True,Uve-Seen_Nothing,0.0
Guild Wars Game of the Year Edition,2005-04-28,False,Uve-Seen_Nothing,0.0
Guild Wars Factions,2006-04-28,True,Blackboy72,0.0
Guild Wars Trilogy,2008-09-25,True,Blackboy72,2.0
Puzzle Kingdoms,2009-04-16,True,mrnuclear,2.0
Samantha Swift and the Golden Touch,2009-04-29,True,Aussiefella_69,0.0
Two Worlds Epic Edition,2009-04-30,True,shadowxlucario,2.0
Helldorado,2009-04-30,True,My_Immortal,2.0
XBlades,2009-02-10,True,76561198029589709,0.0
Zeno Clash,2009-04-21,True,MrProvidings,2.0
The Maw Speeder Lane,2009-04-29,True,MrProvidings,1.0
Kings Bounty The Legend,2008-09-23,True,MrProvidings,1.0
Virtual Families,2009-05-06,False,76561198006896411,0.0
Death Track Resurrection,2009-05-06,True,SitteNKitteNMitteN,0.0
Freedom Force vs the Third Reich,2005-03-08,True,communiggersunite,2.0
Freedom Force,2002-03-26,True,LASSO133,2.0
Light of Altair,2009-06-04,True,ryno69445,2.0
Darkest Hour Europe ,2009-06-09,False,76561198053145578,0.0
Prototype,2009-06-10,True,haoliu98,0.0
Blueberry Garden,Jun 2009,False,mr_cat,0.0
Port Royale ,2004-04-30,True,mr_cat,2.0
The Elder Scrolls IV Oblivion Game of the Year Edition,2007-09-11,False,avdl,0.0
The Elder Scrolls III Morrowind Game of the Year Edition,2002-04-29,True,AriakWolf,0.0
Ankh  Heart of Osiris,2007-05-18,True,NiceAhTNT,0.0
Armored Fist ,1999-09-01,True,ThePratama190,2.0
MiG Fulcrum,1998-09-07,True,76561198089200630,0.0
BC Kings,2008-09-15,True,76561198081631721,2.0
Call of Juarez Bound in Blood,2009-06-30,True,1800-Ricohut,1.0
Nancy Drew Legend of the Crystal Skull,2007-10-01,True,darainthebanana,0.0
Nancy Drew The Creature of Kapu Cave,2006-10-01,True,darainthebanana,0.0
Nancy Drew The Phantom of Venice,2008-07-01,True,76561198034784208,1.0
Nancy Drew The White Wolf of Icicle Creek,2007-07-01,True,fui312,2.0
BRAINPIPE A Plunge to Unhumanity,2008-12-24,False,GoodOldJacob,0.0
Tales of Monkey Island Complete Pack,2009-07-07,False,76561198080354888,0.0
Street Fighter IV,2009-07-07,True,76561198080354888,2.0
Thrillville Off the Rails,2007-10-09,True,bigfoot57,2.0
Indiana Jones and the Fate of Atlantis,1992-06-01,False,Kevin_F,0.0
Armed and Dangerous,2003-12-02,True,Kevin_F,2.0
Star Wars Battlefront  Classic ,2005-11-01,True,Blood_and_Bone,1.0
Indiana Jones and the Last Crusade,1989-07-01,False,Blood_and_Bone,0.0
LEGO Indiana Jones The Original Adventures,2008-06-03,True,bloodspilla,1.0
The Secret of Monkey Island Special Edition,2009-07-15,False,bloodspilla,2.0
Warfare,2008-11-20,True,rooneywatson,0.0
Clutch,2009-06-02,True,rooneywatson,0.0
Nancy Drew Ransom of the Seven Ships,2009-07-21,True,rooneywatson,2.0
D Ultra Minigolf Adventures,2006-12-20,True,rooneywatson,0.0
Kings Quest Collection,2006-09-01,True,76561198055117884,2.0
TimeShift,2007-10-30,True,boldboulder,1.0
Space Quest Collection,2006-09-01,True,12345678901234567890123456567890,1.0
Killing Floor Outbreak Character Pack,2009-07-24,True,SDAFAWRFGRSEG,1.0
Aces of the Galaxy,2008-06-04,True,76561198095920833,0.0
Tropico Reloaded,2009-07-24,True,Catch_Twenty_Two,0.0
Mystery PI  Lost in Los Angeles,2009-07-27,True,76561198042411838,1.0
Bionic Commando Rearmed,2008-08-14,True,76561198042411838,1.0
Bionic Commando,2009-07-28,True,SuchDogeMuchWoW,2.0
Watchmen The End is Nigh Part ,2009-07-29,True,76561198066118331,1.0
Foreign Legion Buckets of Blood,2009-08-04,True,dannysfatass,2.0
STAR WARS  Knights of the Old Republic,2003-11-19,True,76561198087135044,1.0
Osmos,2009-08-18,True,topkeklord7,2.0
Fallout  A Post Nuclear Role Playing Game,1998-12-01,True,evankohgj,1.0
Fallout Tactics Brotherhood of Steel,2001-03-01,True,chewyi,1.0
Kingpin  Life of Crime,1999-06-01,True,76561198142474106,0.0
Tales of Monkey Island Complete Pack Chapter   The Siege of Spinner Cay,2009-08-20,True,76561198051461196,2.0
Jewel Quest Pack,2009-08-24,True,PintoProAlto,2.0
Mahjong Quest Collection,2009-08-24,True,Ibukismywaifuforlaifu,1.0
Time Gentlemen Please and Ben There Dan That Special Edition  Double Pack,2009-06-22,True,chocolate-donut-king,2.0
Tom Clancys Splinter Cell Chaos Theory,2005-03-29,True,chocolate-donut-king,2.0
XIII Century  Gold Edition,2009-08-28,True,76561198064663981,2.0
World of Zoo,2009-10-30,True,curtiits,2.0
Mini Ninjas,2009-09-08,False,cybas101,2.0
Windosill,2009-05-26,False,itsdandytime,0.0
Train Simulator Colton amp Northern Route AddOn,2009-09-25,True,itsdandytime,2.0
Midnight Mysteries,2009-09-28,True,DarkKnight2599,2.0
Tales of Monkey Island Complete Pack Chapter   Lair of the Leviathan,2009-09-07,True,blablabla174,0.0
Joint Operations Combined Arms Gold,2009-08-18,True,DarthRhys,2.0
Train Simulator US Loco amp Asset Pack,2009-10-01,True,_Daughter_,1.0
DinerTown Tycoon,2009-09-30,True,deadtrooper6424,0.0
Train Simulator European Loco amp Asset Pack,2009-10-01,True,76561198037086921,0.0
Risen,2009-10-30,True,defox01,0.0
Floras Fruit Farm,2009-10-01,True,defox01,2.0
Empire Total War  The Warpath Campaign,2009-10-05,True,deynarian,2.0
Machinarium,2009-10-16,False,diabz,2.0
Medal of Honor Airborne,2007-09-04,True,Poopsnugg,0.0
Need for Speed Shift,2009-09-15,True,Poopsnugg,2.0
Torchlight,2009-10-27,True,Poopsnugg,0.0
Command amp Conquer Red Alert   Uprising,2009-03-12,False,MattBowles,0.0
The Stronghold Collection,2009-10-27,True,Dozza_The_Wozza,2.0
East India Company Privateer,2009-10-27,False,dreadedfungus,0.0
Painkiller Resurrection,2009-10-27,True,Dub5,2.0
SpellForce   Anniversary Edition,2009-10-29,True,Dub5,2.0
Secret Files Tunguska,2009-10-29,True,76561198060319088,2.0
Rush for Berlin Gold,2009-10-29,True,elgerjp,2.0
Tales of Monkey Island Complete Pack Chapter   The Trial and Execution of Guybrush Threepwood,2009-10-07,False,Enska,0.0
Men of War Red Tide,2009-11-01,True,CaptainCrytec,2.0
Hammerfight,2009-09-19,True,CaptainCrytec,1.0
SpellForce  Platinum Edition,2009-11-03,True,CaptainCrytec,2.0
Massive Assault Phantom Renaissance,2005-03-03,True,eunmac,2.0
Massive Assault,2003-10-28,False,76561197987394736,2.0
Serious Sam HD The First Encounter,2009-11-24,True,FestiveDuckGaming,0.0
Secret Files  Puritas Cordis,2009-10-29,True,firnin_hanks,0.0
Dragon Age Origins,2009-11-06,True,Ni7rogen,1.0
Aztaka,2009-05-07,True,Sickunt123,2.0
Magnetis,2009-11-05,False,serafiki,0.0
For The Glory A Europa Universalis Game,2009-11-11,True,serafiki,0.0
Call of Duty Modern Warfare ,2009-11-12,True,serafiki,2.0
LEGO Star Wars  The Complete Saga,2009-11-12,True,gabbler123,1.0
Overlord,2007-06-26,True,76561198152535010,2.0
Overlord Raising Hell,2008-02-15,False,76561198067309171,2.0
Command amp Conquer  Tiberium Wars,2007-03-28,True,76561198067309171,1.0
Yumsters  Around the World,2008-07-23,True,geoskio,2.0
Command amp Conquer  Kanes Wrath,2009-11-13,True,76561198134334226,1.0
Gratuitous Space Battles,2009-11-16,True,GLADTOHELP,2.0
Wings of Prey,2009-12-25,True,76561198077294556,2.0
The Bards Tale,2005-06-17,False,76561198057970914,0.0
Defence Alliance ,2009-10-22,True,Vyndoril,2.0
STAR WARS  The Force Unleashed Ultimate Sith Edition,2009-11-03,False,Rotomaniac,0.0
Fallout  Game of the Year Edition,2009-10-13,True,Rotomaniac,0.0
Gratuitous Space Battles The Tribe,2009-12-16,True,76561198065084226,2.0
BuildALot,2007-10-02,True,imsodonionringsrightnow,2.0
BuildALot  Town of the Year,2008-04-29,True,imsodonionringsrightnow,1.0
BuildALot  Passport to Europe,2009-01-24,True,CUSTOM666,1.0
Coconut Queen,2009-12-17,True,76561198104428121,2.0
Roogoo,2009-12-17,True,76561198058405866,2.0
Devil May Cry ,2008-07-08,True,76561198077102914,2.0
Avencast Rise of the Mage,2010-03-17,True,76561198044032335,1.0
BuildALot  Power Source,2009-08-12,True,76561198044032335,1.0
Pirates Vikings and Knights II,2010-02-12,True,76561198058562728,2.0
Farm Frenzy ,2008-08-27,True,SaladsByAinsley,2.0
Farm Frenzy  American Pie,2010-01-06,True,Outsider,2.0
Farm Frenzy ,2009-09-11,True,Outsider,0.0
Farm Frenzy,2007-12-07,False,mrawesome99128,0.0
Farm Frenzy Pizza Party,2009-02-18,True,mrawesome99128,0.0
Cake Mania Main Street,2010-02-16,True,76561198079366509,0.0
Westward IV All Aboard,2010-02-16,True,YouWannaFuckingGoM99,2.0
Iron Roses,2010-02-16,True,haloslayer1,1.0
UFO Extraterrestrials Gold,2010-02-17,True,HubDubs,1.0
LEGO Indiana Jones  The Adventure Continues,2010-02-18,True,HubDubs,1.0
Super Laser  Racer,2010-02-18,True,Deepadeep,1.0
Hearts of Iron III Soviet Infantry Pack DLC,2010-02-18,True,duckonthetruck,2.0
NecroVisioN Lost Company,2010-02-19,True,JayKayGray,2.0
Cradle of Persia,2007-12-01,True,76561198080526242,0.0
Aliens vs Predator Swarm Map Pack,2010-03-18,False,76561198103371005,0.0
Serious Sam Classic The First Encounter,2001-03-21,True,76561198103371005,2.0
Train Simulator Fort Kent to Eagle Lake Route AddOn,2010-03-19,True,76561198092221837,0.0
Mount amp Blade Warband,2010-03-31,True,miochandesu,2.0
Coniclysm,2010-03-26,True,Thenormalvietnamese,2.0
Plain Sight,2010-04-05,True,Thenormalvietnamese,2.0
Lead and Gold Gangs of the Wild West,2010-04-08,True,adamkupou,2.0
Grand Theft Auto Episodes from Liberty City,2010-04-12,True,ironcass,0.0
Dark Void Zero,2010-04-12,True,ironcass,2.0
Fortix,2010-04-14,True,ironcass,0.0
Beat Hazard,2010-04-15,False,ironcass,2.0
Sam amp Max The Devils Playhouse,2010-04-15,False,jgbergmen,2.0
MUD TV,2010-04-19,True,Jacab,1.0
Wings of Luftwaffe Addon,2010-04-19,True,bobofofo,2.0
The Misadventures of PB Winterbottom,2010-04-20,True,bobofofo,0.0
AquaNox  Revelation,2003-08-19,True,james815,2.0
AquaNox,2001-11-30,True,Bigzy,1.0
Fluttabyes,2010-04-20,True,76561198075863151,0.0
Hidden Expedition Titanic,2006-07-19,True,dontgetmemed,0.0
Hidden Expedition Amazon,2008-06-19,True,dontgetmemed,2.0
Napoleon Total War  Coalition Battle Pack,2010-05-05,True,76561198097172610,2.0
Fitness Dash,2008-12-31,True,Lunaii,0.0
Gemini Lost,2009-09-24,True,Lunaii,2.0
DinerTown Detective Agency,2009-07-27,True,Lunaii,2.0
Hotel Dash Suite Success,2009-12-24,True,Lunaii,0.0
Nightshift Legacy The Jaguars Eye,2010-03-19,True,76561198043130826,2.0
The Nightshift Code,2008-02-11,True,76561198043130826,0.0
TriJinx A Kristine Kross Mystery,2007-12-31,True,dzakuan,0.0
Valerie Porter and the Scarlet Scandal,2009-12-21,True,Joshycraft,0.0
Biozone,2010-05-07,True,Justmatel,2.0
Rocket Knight,2010-05-11,True,9683n,2.0
Flight of the Icarus,2010-05-12,True,kcharding,2.0
Puzzler World,2010-05-28,True,keoul,2.0
Prince of Persia The Forgotten Sands Digital Deluxe Edition,2010-06-08,True,jet14,2.0
Ziro,2010-05-28,True,jet14,2.0
Altered Beast,2010-06-01,True,jet14,2.0
Comix Zone,2010-06-01,True,jet14,2.0
SEGA Mega Drive and Genesis Classics,2010-06-01,True,jet14,2.0
Golden Axe,2010-06-01,True,JohnnyMcShitty,0.0
Ecco the Dolphin,2010-06-01,True,lozone,0.0
Gain Ground,2010-06-01,False,larrythebrony,0.0
Shinobi III Return of the Ninja Master,2010-06-01,True,larrythebrony,0.0
Crack Down,2010-06-01,True,larrythebrony,2.0
VectorMan,2010-06-01,False,lasati,2.0
Shadow Dancer,2010-06-01,True,lelvis,1.0
Space Harrier II,2010-06-01,True,sIuttrak,2.0
Alien Breed Impact,2010-06-03,True,Vucki,0.0
Fallout   Point Lookout,2010-07-16,True,LudiAU,1.0
Defense Grid Resurgence Map Pack ,2010-06-02,False,76561198024566463,1.0
Fallout   Mothership Zeta,2010-07-16,True,rollhack,0.0
Fallout   Broken Steel,2010-07-16,True,MAC_CAB,2.0
Fallout   The Pitt,2010-07-16,True,76561198074177617,2.0
Alien Swarm,2010-07-19,True,MatthewW7,2.0
Fallout   Operation Anchorage,2010-07-16,False,76561198027193755,2.0
SimCity  Deluxe Edition,2003-09-22,True,obeseninja27,0.0
Disciples III  Renaissance Steam Special Edition,2010-07-16,True,wearethechampionsmyfriend,1.0
Tidalis,2010-07-16,True,lolijuygter,0.0
Razor Hidden Skies,2010-07-19,True,anthMC,1.0
The Settlers  Uncharted Land Map Pack,2010-07-21,True,anthMC,2.0
Dimensity,2008-12-08,False,76561198061039342,0.0
Kane amp Lynch  Dog Days,2010-08-17,True,76561198061039342,0.0
The Guild II Renaissance,2010-07-28,True,76561198061039342,2.0
Hearts of Iron III DLC German II Spritepack,2010-07-26,True,76561198079882851,0.0
Trainz Simulator DLC Blue Comet,2010-08-06,True,76561198052118118,2.0
Fantasy Wars,2010-08-06,True,Mozness,2.0
Mafia II,2011-03-22,True,76561197995905411,2.0
Train Simulator Network Southeast Class  Loco AddOn,2010-08-06,True,mresprofile,2.0
Puzzle Quest ,2010-08-12,True,Murdocgreenskin,2.0
Burn Zombie Burn,2010-08-12,True,Murix,2.0
Madballs BDI Clan Skins,2010-08-16,True,mutatedwombat,2.0
Madballs Scorched Evolution Skin Rollup,2010-08-16,True,NanoPi,2.0
Madballs BDI Evolution Skin Rollup,2010-08-16,True,NanoPi,2.0
Madballs Holiday Skin Rollup,2010-08-16,False,sheshenus,1.0
Victoria I Complete,2010-08-20,True,QuenchingAlarm1,2.0
Ship Simulator Extremes,2010-08-27,True,ustupit,0.0
Worms Reloaded,2010-08-26,True,76561198088807138,2.0
Making History II The War of the World,2010-06-22,True,SenorcThePie,0.0
Arma  British Armed Forces,2010-08-27,True,pleaseendmyfuckingsufferingcyka,0.0
Victoria II,2010-08-30,True,pleaseendmyfuckingsufferingcyka,2.0
Madballs Scorched Clan Skins,2010-08-16,True,76561198085457850,0.0
Kane amp Lynch  The Doggie Bag,2010-08-31,True,76561198085457850,0.0
Kane amp Lynch  Multiplayer Masks Pack,2010-08-31,True,76561198080947173,2.0
Trainz Classic Cabon City,2010-09-01,True,76561198081848869,1.0
Kane amp Lynch  Alliance Weapon Pack,2010-08-31,True,76561198081848869,1.0
Cossacks Back to War,2002-11-01,True,76561198029634836,1.0
Broken Sword Directors Cut,2010-09-02,True,Capscain,0.0
Chime,2010-09-06,False,76561198004669632,2.0
Mafia II DLC Jimmys Vendetta,2010-09-06,True,deathtotraitors777,2.0
Sniper Ghost Warrior  Map Pack,2010-09-08,True,anpepo,2.0
VVVVVV,2010-09-07,True,76561198093156182,1.0
The Settlers  Conquest  The Empire Expansion DLC,2010-09-08,False,76561198043880297,0.0
Amnesia The Dark Descent,2010-09-08,True,piedude,2.0
Recettear An Item Shops Tale,2010-09-10,True,honkychonky,2.0
Swarm Arena,2010-08-19,False,honkychonky,0.0
Super Thunder Blade,2010-09-13,True,honkychonky,2.0
Galaxy Force II,2010-09-13,True,76561198107093846,2.0
Hacker Evolution,2010-09-14,True,pizzadude04,2.0
Hacker Evolution Untold,2010-09-14,True,76561198044367162,2.0
Faerie Solitaire,2010-09-17,True,POKESTEAM,2.0
Patrician IV  Steam Special Edition,2010-09-17,False,some_sorta_pie,2.0
Bonanza Bros,2010-09-13,True,FabRainbro,2.0
Kings Bounty Crossworlds,2010-09-17,False,LordRascus,0.0
Train Simulator Green amp Gold HST DMU AddOn,2010-09-17,False,kayrom,0.0
Sid Meiers Civilization V,2010-09-21,True,Rhyzak,1.0
Commander Conquest of the Americas  Colonial Navy,2010-09-21,True,Rubbercube,1.0
Serious Sam Classic The Second Encounter,2002-02-05,False,Rubbercube,0.0
Star Ruler,2010-09-20,True,Rubbercube,1.0
Blade Kitten,2010-09-22,False,Rubbercube,0.0
Alien Breed  Assault,2010-09-22,True,xdangerouscereallyx,2.0
Darksiders,2010-09-23,True,sanaret,0.0
X Beyond the Frontier,1999-07-01,True,Sansomar,2.0
The Kings Crusade,2010-10-08,True,76561198081934209,2.0
Guild Wars Eye of the North,2007-08-31,False,p893629682,0.0
X Tension,2000-06-01,True,SergeantMason,2.0
Age of Wonders II The Wizards Throne,Oct 2010,True,SergeantMason,2.0
Governor of Poker ,2010-10-11,True,1stpionpaul,2.0
Governor of Poker   Premium Edition,2010-10-11,False,seveneightnine,0.0
Age of Wonders Shadow Magic,Oct 2010,False,Shredderman962,1.0
Age of Wonders,Oct 2010,True,Silverimate47,0.0
Medal of Honor,2010-10-12,True,whisperrrrrrr,0.0
Grotesque Tactics Evil Heroes,2010-10-15,False,SirexPower,1.0
Lost Planet ,2010-10-15,False,SirexPower,1.0
Doc Clock The Toasted Sandwich of Time,2010-10-15,False,SirexPower,1.0
Fallout New Vegas,2010-10-19,True,Skippy333,0.0
The Polynomial  Space of the music,2010-10-15,True,5400540054005400,2.0
Puzzle Bots,2010-10-22,True,SneakyPete9,2.0
Nimbus,2010-10-25,True,Variun,2.0
Civilization V  Babylon Nebuchadnezzar II,2010-10-25,True,SULL3H,2.0
DeathSpank,2010-10-25,False,76561198033982370,0.0
Virtua Fighter ,2010-10-26,True,76561198080103160,2.0
Columns III,2010-10-26,True,sprayer1706,2.0
Sword of Vermilion,2010-10-26,True,76561198061268926,2.0
Golden Axe II,2010-10-26,True,76561198070346631,2.0
Sonic The Hedgehog,2010-10-26,False,76561198057451875,0.0
Ecco The Tides of Time,2010-10-26,False,76561198073446384,2.0
BioHazard Battle,2010-10-26,False,76561198073446384,2.0
Alien Storm,2010-10-26,True,the_mad_doctor123,2.0
Shank,2010-10-25,True,Tomsen1,0.0
The Ball,2010-10-26,True,LecXii,0.0
STAR WARS The Force Unleashed II,2010-10-26,True,TheSuccIsGudd,0.0
Flight Control HD,2010-11-18,True,Smeegan,0.0
Patrician III,2010-11-18,False,Smeegan,0.0
BITTRIP BEAT,2010-11-02,False,76561198051772381,0.0
Theatre of War   Battle for Caen,2010-11-02,True,TheJordanSixFifty,2.0
Woody TwoLegs Attack of the Zombie Pirates,2010-11-02,True,ThereSheBlows,2.0
Clones,2010-11-18,True,thrillder,0.0
Victoria II Interwar Spritepack,2010-11-02,True,76561198062267241,2.0
Front Mission Evolved Wanzer Pack ,2010-11-02,True,timasaurus,2.0
Pound of Ground,2010-11-05,True,gayanimeguy,0.0
Pat amp Mat,2009-10-01,True,TomThehTmoT,0.0
Alternativa,2010-11-03,True,TomThehTmoT,2.0
Fish Fillets ,2007-04-05,False,76561198045771425,0.0
Archon Classic,2010-11-02,True,76561197992809369,2.0
Call of Duty Black Ops,2010-11-09,True,76561198069824038,2.0
Rhythm Zone Tornado Visualizer DLC,2010-11-09,True,Tudah,0.0
Oddworld Munchs Oddysee,2010-12-20,True,Tudah,2.0
Rhythm Zone DJ Table Visualizer DLC,2010-11-09,True,Tudah,2.0
Oddworld Strangers Wrath HD,2010-12-20,True,Tunnocks,2.0
Clickr,2010-12-23,True,76561198120479313,0.0
Back to the Future The Game,2010-12-23,True,ceruleansketchcat,2.0
Grand Theft Auto III,2002-05-21,False,76561198149939310,0.0
Grand Theft Auto San Andreas,2005-06-06,False,falfouchinskaia,2.0
Lara Croft GoL Raziel and Kain Character Pack,2011-01-07,False,valvoman,0.0
Lara Croft GoL Things that Go Boom  Challenge Pack ,2011-01-07,True,bongsweremadebybongocomics,2.0
Lara Croft GoL Hazardous Reunion  Challenge Pack ,2011-01-07,True,76561198066004879,1.0
Lara Croft GoL All the Trappings  Challenge Pack ,2011-01-07,True,vengerfire,2.0
Grand Theft Auto Vice City,2003-05-13,True,76561197971285616,2.0
Zeit,2011-01-12,False,76561197976177356,0.0
ARES Extinction Agenda,2011-01-20,True,_Enlightenment_,2.0
APOX,2011-01-20,True,dontdisturbthecoffee,1.0
Dead Space ,2011-01-25,True,76561198074076427,0.0
Drawn The Painted Tower,2011-01-19,False,thombelcar,2.0
Kaptain Brawe A Brawe New World,2011-01-20,True,thombelcar,2.0
Monday Night Combat,2011-01-24,True,thombelcar,2.0
Luxor th Passage,2011-01-25,True,37755753,2.0
Alien Soldier,2011-01-26,True,37755753,2.0
Shining in the Darkness,2011-01-26,True,37755753,2.0
Light Crusader,2011-01-26,True,37755753,2.0
Landstalker The Treasures of King Nole,2011-01-26,True,37755753,2.0
Gunstar Heroes,2011-01-26,True,76561198042666584,2.0
ToeJam amp Earl,2011-01-26,True,vxwolf368,2.0
Streets of Rage ,2011-01-26,False,Foxxy346,2.0
Sonic The Hedgehog ,2011-01-26,False,Foxxy346,2.0
Streets of Rage,2011-01-26,True,subsonicsnigger,2.0
Shining Force II,2011-01-26,True,Helpsme,2.0
Shining Force,2011-01-26,False,76561198090018608,0.0
The Sims ,2009-06-02,False,76561198036077253,0.0
Ship Simulator Extremes Sigita Pack,2011-01-26,True,76561198072355008,2.0
The Sims  Fast Lane Stuff,2010-09-07,False,wilsonufs,0.0
The Sims  Late Night,2010-10-26,False,carterbegrie,2.0
The Sims  Ambitions,2010-06-02,True,yungwarez,0.0
The Sims  HighEnd Loft Stuff,2010-02-02,False,xhog,0.0
Trino,2011-01-27,True,xJerkensteinx,2.0
Mishap  An Intentional Haunting  Collectors Edition,2011-01-28,False,YoloGhost,0.0
The Sims  Outdoor Living Stuff,2011-02-01,False,76561198018469813,0.0
Whos That Flying,2011-01-31,True,maibiglargebuttocks,0.0
Myst Masterpiece Edition,2011-02-02,True,ZONEcold,2.0
Guardians of Graxia Elves amp Dwarves,2011-02-01,True,MyZan1ty,1.0
Two Worlds II HD,2011-02-03,True,JyizerHD,2.0
Test Drive Unlimited ,Feb 2011,True,Tydirium_762,2.0
King Arthur The Druids,2011-02-03,True,pootispentry,0.0
Gratuitous Space Battles Galactic Conquest,2011-02-11,True,y__tho,1.0
The Kings Crusade New Allies,2011-02-09,True,SuperSalter3000,1.0
DUNGEONS  Steam Special Edition,2011-02-10,True,SuperSalter3000,0.0
AI War Light of the Spire,2011-02-14,False,hentai_overlord,0.0
Drakensang The River of Time,2011-01-11,True,The_Eyepatch,2.0
RISK Factions,2011-03-08,True,76561198014210785,2.0
Crazy Machines  Time Travel AddOn,2011-03-11,False,archy18,2.0
BITTRIP RUNNER,2011-02-28,True,Wangachung,2.0
Homefront,2011-03-14,True,mark3888,0.0
Fate of the World,2011-02-28,True,mark3888,2.0
BUTTON Brutally Unfair Tactics Totally OK Now,2011-02-28,True,mark3888,1.0
Warhammer  Dawn of War II  Retribution Ork Race Pack,2011-02-28,True,76561198097177685,2.0
Warhammer  Dawn of War II  Retribution Imperial Guard Race Pack,2011-02-28,True,JiAltair,2.0
Warhammer  Dawn of War II  Retribution Eldar Race Pack,2011-02-28,True,juzzfuzz,2.0
Warhammer  Dawn of War II  Retribution Chaos Space Marines Race Pack,2011-02-28,True,76561198049524520,2.0
RIFT,2013-10-24,False,Rawex,2.0
Warhammer  Dawn of War II Retribution,2011-02-28,True,Rawex,2.0
Dinner Date,2011-03-01,True,Rawex,2.0
Warhammer  Dawn of War II  Retribution Space Marines Race Pack,2011-02-28,True,northisbae,2.0
Shadow Harvest Phantom Ops,2011-04-05,True,76561198080157237,1.0
Cities in Motion Design Classics,2011-04-05,True,lambofreak4ever,2.0
Ship Simulator Extremes Ferry Pack,2011-04-05,False,Dankulicious,0.0
Warhammer  Dawn of War II Retribution Dark Angels Pack,2011-04-06,True,KingBlobfish,0.0
STCC The Game   Expansion Pack for RACE ,2011-04-08,False,KingBlobfish,2.0
Anomaly Warzone Earth,2011-04-08,True,movienationscom,2.0
Armada ,2010-06-10,True,movienationscom,2.0
Darkest Hour A Hearts of Iron Game,2011-04-08,True,X-Evolution,1.0
Dungeons Into the Dark DLC Pack,2011-04-11,True,MladshiyLlama,0.0
Dino DDay,2011-04-08,True,76561198077295459,0.0
Patrician IV Rise of a Dynasty,2011-04-11,False,dalebaxter,0.0
Portal ,2011-04-18,True,76561198101093216,0.0
Magicka Vietnam,2011-04-12,True,76561198101093216,1.0
Sanctum,2011-04-15,True,QuirkyChicken,2.0
Majesty  Collection,2011-04-19,True,_steelphantom,2.0
Warhammer  Dawn of War II  Retribution  Mekboy Wargear DLC,2011-05-26,True,AquilliusRanger,2.0
Dawn of War II Retribution  The Last Stand,2011-04-20,True,Slavishbear,2.0
Warhammer  Dawn of War II  Retribution  Farseer Wargear DLC,2011-05-26,True,Slavishbear,2.0
Frozen Synapse,2011-05-26,True,76561198092674729,1.0
Warhammer  Dawn of War II Retribution  Captain Wargear DLC,2011-05-26,True,itsaprofileaboutnothing,2.0
Hunted The Demons Forge,2011-05-30,True,me11111111,2.0
Hamiltons Great Adventure,2011-05-31,True,fab2cent,2.0
The Sims  Generations,2011-05-31,True,daboiz,1.0
Cities in Motion Tokyo,2011-05-31,False,76561198052612696,0.0
Magicka Nippon,2011-05-31,True,neadekvat161,2.0
Ghostbusters Sanctum of Slime Challenge Pack DLC,2011-06-01,True,overwatchmemelord,2.0
Still Life ,2009-08-10,True,765611983889673,0.0
Still Life,2005-06-06,True,Pikachu_LOL,1.0
Call of Duty Black Ops Escalation Content Pack,2011-06-02,True,Nanaya_Shiki,1.0
Dungeon Siege III,2011-06-20,True,76561198044577103,1.0
AVA Alliance of Valiant Arms,2011-06-14,True,76561198045400287,2.0
Champions Online,2009-09-01,True,76561198066084176,2.0
Spectromancer  Truth amp Beauty,2011-06-13,True,76561198066084176,2.0
Cities in Motion Design Now,2011-06-14,False,spudgee,2.0
Two Worlds II Castle Defense,2011-06-14,False,CalvinHazard,1.0
The Cat and the Coup,2011-06-15,True,mopkap,2.0
Magic The Gathering  Duels of the Planeswalkers ,2011-06-15,False,loadsamoney,2.0
Ancients of Ooga,2011-05-20,False,loadsamoney,2.0
Beat Hazard Ultra,2011-06-16,False,loadsamoney,0.0
Frozen Synapse Soundtrack,2011-06-16,False,loadsamoney,0.0
Solar ,2011-06-17,False,loadsamoney,0.0
Ironclads Schleswig War ,2011-06-21,True,loadsamoney,2.0
Ironclads Anglo Russian War ,2011-06-21,True,Hati_Hati_Hati_Hati_Hati_Hati,0.0
Magicka Final Frontier,2011-06-21,False,76561198157640176,0.0
Ironclads Chincha Islands War ,2011-06-21,True,76561198157640176,0.0
FEAR ,2011-06-21,True,deatheffekt,2.0
Magicka Frozen Lake,2011-06-21,True,reflexaus,2.0
Magicka The Watchtower,2011-06-21,True,reflexaus,2.0
Trainz Simulator DLC The Duchess,2011-06-22,True,123joshua321,1.0
Magicka Party Robes,2011-06-21,False,76561198019231133,1.0
Europa Universalis III Western  AD  Spritepack,2011-06-23,True,DMbug,2.0
Dungeons and Dragons Daggerdale,2011-06-24,True,76561198079298522,2.0
RETRO  Expansion Pack for RACE ,2011-06-23,True,aamonrai132,2.0
Farming Simulator  Equipment Pack ,2011-06-24,True,r34d_4nd_w33p,0.0
Europa Universalis III Eastern  AD  Spritepack,2011-06-23,True,Lolicon_Banzai,1.0
Hearts of Iron III For the Motherland,2011-06-28,True,KentuckyFriedSpy,2.0
Worms Reloaded Puzzle Pack,2011-06-30,True,WhiteAfrican,2.0
Worms Reloaded Retro Pack,2011-06-30,True,TheOnlyT6,2.0
Worms Reloaded Time Attack Pack,2011-06-30,True,alexisacoolhuman,2.0
Dungeons Map Pack DLC,2011-07-01,True,AlanJack102,2.0
Worms Reloaded Forts Pack,2011-06-30,True,TwoPixel,1.0
Puzzle Agent ,2011-06-30,True,amr_,0.0
Killing Floor Steampunk Character Pack,2011-07-02,True,76561198067361221,2.0
Pride of Nations SpanishAmerican War ,2011-07-18,True,Anywher,2.0
Tobes Vertical Adventure,2011-07-18,True,EGGSaus,2.0
Fallout New Vegas Old World Blues,2011-07-18,True,aperture_sandvich,2.0
Warhammer  Dawn of War II Retribution  Ulthwe Wargear DLC,2011-07-19,True,whafam,2.0
Lucid,2011-07-19,True,Archimedesthemagicalbird,0.0
Train Simulator BR Class  CIG Loco,2011-07-19,True,76561198040257934,2.0
Homefront Express  Shotgun,2011-07-21,True,arthur-dent,0.0
Runespell Overture,2011-07-20,True,AsherFatin,2.0
Men of War Assault Squad  Skirmish Pack,2011-07-21,True,09879655452567,0.0
Delve Deeper Treasures and Tunnels,2011-07-22,True,B-HopperTr0LL,2.0
ARES Berzerker Suit,2011-07-22,False,Baileaf,2.0
Cities in Motion Metro Stations,2011-07-22,True,76561198065661382,2.0
Nancy Drew Secrets Can Kill REMASTERED,2010-08-24,True,76561198065661382,2.0
ARMA Cold War Assault,2011-08-08,False,76561198065661382,0.0
SpaceChem  Corvi,2011-07-22,True,baranaka,1.0
Tropico ,2011-09-01,True,thelazybrowniemkii,2.0
Nancy Drew The Captive Curse,2011-06-28,True,76561198301150825,2.0
Nancy Drew Trail of the Twister,2010-06-29,False,BZ4LIFE,2.0
The Clockwork Man,2011-08-10,True,76561198267779591,0.0
Pride of Nations American Civil War ,2011-08-10,True,BecauseImSAD,0.0
EDGE,2011-08-11,True,OG1,1.0
Civilization V  Civ and Scenario Pack Korea,2011-08-11,True,llamaemperor,2.0
Civilization V  Scenario Pack Wonders of the Ancient World,2011-08-11,True,birdpleb,2.0
Sanctum Official Soundtrack,2011-08-12,True,bizarrues,2.0
Hacker Evolution Duality,2011-08-15,True,myles101,0.0
Space Pirates and Zombies,2011-08-15,True,Skrytwo,2.0
Section  Prejudice Frontier Colonies Map Pack,2011-08-16,True,Skrytwo,2.0
Section  Prejudice Blitz Pack,2011-08-16,False,2spooky,0.0
Section  Prejudice Overdrive Map Pack,2011-08-16,True,2spooky,2.0
Warhammer  Dawn of War II  Ultramarines Pack,2011-08-16,True,Bonkbonkerson,2.0
Fallout New Vegas Lonesome Road,2011-09-20,False,76561198072103064,2.0
Puzzle Pirates,2011-08-31,True,imacatseeulr,2.0
The Baconing,2011-08-31,True,imacatseeulr,1.0
Warhammer  Space Marine,2011-09-05,True,imacatseeulr,1.0
Men of War Vietnam,2011-09-08,True,negrosarcastico,1.0
Hard Reset Extended Edition,2012-07-12,True,BlockStabFatality,0.0
Pride of Nations The FrancoPrussian War ,2011-09-06,True,544183980,2.0
Wasteland Angel,2011-09-01,True,buggy00,2.0
Rock of Ages,2011-09-07,False,dogapp,1.0
Red Orchestra  Heroes of Stalingrad with Rising Storm,2011-09-13,True,totesnotahacker,2.0
Cities in Motion German Cities,2011-09-14,True,captainquickler,1.0
Magic The Gathering   Expansion,2011-09-14,True,Castor_E,2.0
Sengoku,2011-09-15,True,Castor_E,2.0
Astro Tripper,2011-09-15,True,Castor_E,2.0
Nancy Drew Shadow at the Waters Edge,2010-10-19,False,76561198033432863,2.0
Two Worlds II  Pirates of the Flying Fortress,2011-09-20,True,dannysfatass,2.0
Bunch of Heroes,2011-09-21,True,hopeandchaos,0.0
Duke Nukem Forever Hail to the Icons Parody Pack,2011-10-11,True,checkm80,0.0
Supreme Commander Forged Alliance,2011-09-28,True,megatetsujin28,0.0
The Binding of Isaac,2011-09-28,False,76561198021700114,0.0
Farming Simulator  Equipment Pack ,2011-09-29,True,ParaChymp,2.0
OffRoad Drive,2011-09-29,True,Frostbyte69,0.0
Supreme Commander,2007-02-20,False,NickMcGrath,0.0
Fate of the World Tipping Point,2011-09-29,True,roitethere,0.0
Post Apocalyptic Mayhem DLC  Chaos Pack,2011-09-29,True,c1u,2.0
Fate of the World Denial,2011-09-29,True,76561198071176877,2.0
Fate of the World Migration,2011-09-29,False,CookedTuna,0.0
Sniper Ghost Warrior  Second Strike,2011-09-09,True,CookedTuna,2.0
Air Conflicts Secret Wars,2011-09-30,True,CorsairCrossley,2.0
Fate of the World Extras Pack,2011-09-29,True,Crailik,2.0
Dead Rising  Off the Record,2011-10-11,True,crnza,1.0
The Baconing DLC  Roesha  One Bad Mutha Coop Character,2011-10-11,False,76561198023152575,0.0
Disciples III  Resurrection,2011-10-11,True,OptioMajoris,2.0
Memoir  Online,2011-10-12,True,johnvu3,0.0
Train Simulator Amtrak Acela Express EMU AddOn,2011-10-13,True,EthanDennisMcKormick,2.0
Costume Quest,2011-10-14,True,EthanDennisMcKormick,2.0
The Sims  Pets,2011-10-18,True,dandeloinz,0.0
Gratuitous Space Battles The Parasites,2011-10-17,True,76561198016761464,2.0
Serious Sam The Random Encounter,2011-10-24,True,76561198016761464,2.0
Puzzler World ,2011-10-24,True,danthettt,1.0
Airline Tycoon ,2011-10-24,True,blablabla174,0.0
ArcaniA Fall of Setarrif,2011-10-24,True,76561198023971448,2.0
The Haunted Hells Reach,2011-10-24,True,DazzaMH,2.0
Orcs Must Die  Artifacts of Power,2011-10-25,False,DazzaLCFC,2.0
Dungeon Siege III Treasures of the Sun,2011-10-25,False,DBZfreakMBB,2.0
DC Universe Online,2011-11-02,True,AZA1498,2.0
Tropico  Junta Military DLC,2011-11-03,True,Punpun420,0.0
Sonic Generations Collection,2011-11-03,False,Destero,2.0
Nancy Drew Alibi in Ashes,2011-11-02,False,comcozzolino01,0.0
Orcs Must Die  Lost Adventures,2011-11-08,False,comcozzolino01,2.0
Call of Duty Modern Warfare ,2011-11-08,False,76561198052054864,1.0
LA Noire,2011-11-08,False,dodecadumpling,1.0
LA Noire DLC Bundle,2011-11-08,False,Doobuboo,1.0
Men of War Assault Squad  MP Supply Pack Charlie,2011-11-09,True,mr_doominater,2.0
Jamestown Gunpowder Treason amp Plot,2011-11-10,True,9856743GH131,2.0
Dungeon Defenders Halloween Mission Pack,2011-11-11,True,9856743GH131,1.0
Fractal Make Blooms Not War,2011-11-29,True,76561198122724739,2.0
Magicka Horror Props Item Pack,2011-11-29,True,76561198082252530,2.0
SkyDrift,2011-11-21,True,sven8910,1.0
Magicka Holiday Spirit Item Pack,2011-11-29,True,76561198052598003,2.0
Total War SHOGUN   The Hattori Clan Pack,2011-11-30,True,76561198055372428,0.0
Total War Shogun   Blood Pack DLC,2011-11-30,True,76561198142969038,0.0
Magicka The Stars Are Left,2011-11-29,True,76561197970600478,1.0
Europa Universalis III Reformation SpritePack,2011-11-30,True,76561198109249377,0.0
Real Warfare ,2010-06-11,True,theempireendures,2.0
Galactic Civilizations II Ultimate Edition,2011-12-02,False,fall3n_archon,2.0
Train Simulator West Coast Main Line North Route AddOn,2011-12-01,True,76561198103524411,2.0
APB Reloaded,2011-12-06,True,santiagoivanov,2.0
Blackwell Unbound,2012-01-13,True,FaZeWeaver,0.0
Men of War Assault Squad  Skirmish Pack ,2011-12-12,True,FlameFireBlast,2.0
Killing Floor  Steampunk Character Pack ,2011-12-07,False,neonmotiontv,2.0
Flatout  Chaos amp Destruction,2011-12-13,False,76561198018912053,0.0
Assassins Creed Revelations  The Ancestors Character Pack,2011-12-13,True,ghoules,2.0
Dungeon Defenders The Great Turkey Hunt Mission amp Costumes,2011-12-13,True,frannleman,0.0
Tropico  Plantador DLC,2011-12-14,True,TheOnlyTrueGamingGod,2.0
Earth Defense Force Insect Armageddon,2011-12-14,True,76561198054397103,0.0
Magic  Deck Pack ,2011-12-14,True,76561198054397103,2.0
Warhammer  Space Marine  Golden Relic Chainsword,2011-12-15,True,Quazziemodo,0.0
Warhammer  Space Marine  Traitor Legions Pack,2011-12-15,True,76561198080865066,1.0
Dungeons of Dredmor Realm of the Diggle Gods,2011-12-14,False,Geriland,0.0
Warhammer  Space Marine  Emperors Elite Pack,2011-12-15,True,76561198070585472,1.0
Pirates of Black Cove Origins,2011-12-15,True,76561198070585472,2.0
Warhammer  Space Marine  Golden Relic Bolter,2011-12-15,True,76561198059533968,1.0
X Albion Prelude,2011-12-15,True,171516,2.0
Trine  Complete Story,2013-06-06,True,76561198079874637,0.0
Dungeon Defenders  Quest for the Lost Eternia Shards Part ,2011-12-15,False,Mangoboy2k1,2.0
SATAZIUS,2011-12-16,True,borntoeatcake,1.0
Fable  The Lost Chapters,2011-12-19,True,gominhagomes,1.0
Renegade Ops  Reinforcement Pack,2011-12-19,True,Global,2.0
Crazy Machines  Happy New Year DLC,2011-12-19,True,gryphon556,0.0
Dungeon Defenders  Etherian Holiday Extravaganza,2011-12-20,True,BurgerStab,0.0
Saints Row The Third Warrior Pack,2011-12-20,True,blankv15,2.0
Renegade Ops  Coldstrike Campaign,2011-12-19,True,end978,2.0
Warhammer  Space Marine  Alpha Legion Champion Armour Set,2011-12-20,True,end978,2.0
Warhammer  Space Marine  Salamanders Veteran Armour Set,2011-12-20,True,HappyHouseGnome,2.0
Warhammer  Space Marine  Blood Angels Veteran Armour Set,2011-12-20,False,76561198034664008,2.0
Warhammer  Space Marine  Legion of the Damned Armour Set,2011-12-20,True,DogHog,0.0
Warhammer  Space Marine  Chaos Unleashed Map Pack,2011-12-20,True,ZECOWPOCALYPSEHAZSTARTEDZ,1.0
Earth Defense Force Tactician Advanced Tech Package,2011-12-20,False,76561198050540147,2.0
Earth Defense Force Trooper Special Issue Enforcer Package,2011-12-20,True,Sk8erboiHongKong,0.0
Earth Defense Force Battle Armor Weapon Chest,2011-12-20,True,quillomanar,2.0
Oil Rush,2012-01-25,False,hunterkiller247,0.0
Train Simulator Woodhead Route AddOn,2012-01-26,False,hunterkiller247,0.0
King Arthur II The RolePlaying Wargame,2012-01-27,False,hunterkiller247,2.0
King Arthur II Dead Legions,2012-01-27,False,hunterkiller247,2.0
Serious Sam ,2005-10-11,False,hunterkiller247,0.0
Fortune Summoners,2012-01-30,True,ERROR_LT,0.0
Star Trek Online,2010-02-02,False,76561198074377542,0.0
Dungeon Defenders Barbarian Hero DLC,2012-01-31,True,martiantrain,2.0
Dungeon Defenders Assault Mission Pack,2012-01-31,True,triangless,1.0
Jagged Alliance  Back in Action,2012-02-08,True,ihasMUFFINSWAG,0.0
Pineapple Smash Crew,2012-02-02,True,76561198076701454,2.0
Victoria II A House Divided,2012-02-02,False,76561197999719746,0.0
PixelJunk Eden,2012-02-02,True,76561198071834416,2.0
Snuggle Truck,2012-02-03,True,jarjarjake,2.0
Titan Attacks,2012-02-03,True,FvckkMyOppz,1.0
Choplifter HD  Night Avenger Chopper,2012-02-14,True,76561198035590106,2.0
Crusader Kings II,2012-02-14,True,toottootverysad,2.0
Crusader Kings II Dynasty Shields,2012-02-14,True,amative,0.0
Crusader Kings II Mongol Faces,2012-02-14,False,76561198093336165,1.0
Xotic DLC Pipe Works Expansion Pack,2012-02-15,True,76561198089772554,1.0
Alan Wake,2012-02-16,True,julez225,2.0
Train Simulator Glasgow Airport Rail Link Route AddOn,2010-05-05,False,julez225,0.0
Magicka Lonely Island Cruise,2012-02-16,True,76561197986552181,0.0
Postal III,2011-12-21,True,76561198071041704,2.0
Starpoint Gemini,2012-02-16,True,OfficialKilx,1.0
Realm of the Mad God,2012-02-20,True,76561198068644976,0.0
Hearts of Iron III Dies Irae Stars amp Stripes Spritepack,2012-02-20,True,ItsDerRey,2.0
Saints Row The Third  Gangstas in Space,2012-02-21,True,ItsDerRey,2.0
Pickers,2012-02-22,True,ItsDerRey,0.0
 Amps,2012-02-22,False,76561198033327402,2.0
Assassins Creed Revelations  The Lost Archive,2012-02-28,True,koshara,2.0
Rayman Origins,2012-03-29,True,76561198101968197,2.0
Train Simulator DB Freight s Loco AddOn,2012-03-01,True,JohnnyMcShitty,0.0
Cities In Motion Design Dreams,2012-02-29,True,76561198044800577,0.0
Vessel,2012-03-01,True,76561198084634633,2.0
iBomber Defense Pacific,2012-03-01,False,lexby,1.0
Luxor Evolved,2012-03-01,True,76561198015803033,0.0
Alan Wake Collectors Edition Extras,2012-03-02,True,Chubiful,2.0
The Sims  Showtime,2012-03-06,False,76561198071780641,2.0
Stacking,2012-03-06,True,rookynightwing,1.0
Containment The Zombie Puzzler,2012-03-02,True,rookynightwing,0.0
Train Simulator CologneDusseldorf Route AddOn,2012-03-08,True,Whoppaz,2.0
Train Simulator South West Trains Class  EMU AddOn,2012-03-08,True,76561198132960300,2.0
Wizorb,2012-03-14,True,XxX_bradley_XxX,2.0
Defenders of Ardania,2012-03-14,False,DontCareForURL,2.0
Janes Advanced Strike Fighters,2012-03-08,True,lordgraville,2.0
Bumbledore,2012-03-15,True,Lord_Zarnox,2.0
Dungeon Defenders  Presidents Day Surprise,2012-03-15,True,76561197972209961,2.0
Dungeon Defenders  Quest for the Lost Eternia Shards Part ,2012-03-15,False,ly_cheen,0.0
Cubemen,2012-03-16,True,m1lkingdud,0.0
Myst V,2012-03-16,True,76561198055685900,2.0
Dungeon Defenders Lucky Costume Pack,2012-03-16,True,76561198049937609,2.0
Space Ark,2012-03-16,True,76561198097320856,2.0
Ys The Oath in Felghana,2012-03-19,True,76561197964317648,2.0
Take On Helicopters Hinds,2012-03-20,True,niwith,0.0
Waveform,2012-03-20,True,MantisTobogganThe2nd,0.0
Saints Row The Third  The Trouble with Clones DLC,2012-03-20,True,VanClash,2.0
Mutant Storm Reloaded,2012-03-21,True,76561198028388756,2.0
Warp,2012-03-21,True,xmatiias,2.0
Kingdoms of Amalur Reckoning  Legend of Dead Kel,2012-03-20,True,xmatiias,1.0
Total War Shogun   Fall of the Samurai,2012-03-22,False,mda7,0.0
Yesterday,2012-03-22,False,mda7,0.0
Fowl Space,2012-03-21,False,mda7,2.0
Crazy Machines Elements DLC  Collision Course amp Mental Activity,2012-03-23,False,76561198066639517,0.0
Midnight Mysteries  Devil on the Mississippi,2012-03-28,True,Lightbekon,2.0
Midnight Mysteries  Haunted Houdini,2012-03-28,True,76561198087566671,2.0
Tropico  Modern Times,2012-03-29,False,miciah,2.0
SwitcheD,2012-03-29,False,Migelino64,2.0
Train Simulator Freightliner Class  Loco AddOn,2012-03-29,True,Mikaris,2.0
Dungeon Defenders Series EV Hero DLC,2012-03-29,True,lohbsy,2.0
Ridge Racer Unbounded,2012-03-29,True,shakingthingsup,0.0
Hegemony Gold Wars of Ancient Greece,2012-03-30,True,76561198056913746,2.0
Confrontation,2012-04-04,True,Sylveonssssss,1.0
Train Simulator Settle to Carlisle Route Addon,2012-04-05,False,76561198038335264,0.0
Hack Slash Loot,2012-04-05,False,CorporalTaylor200,0.0
Dungeon Defenders Penny Arcade Character Pack,2012-04-05,True,76561198090180844,2.0
The White Laboratory Demo,2012-04-06,True,mrthromato98,2.0
Atooms to Moolecules Demo,2012-04-06,True,76561198103674275,2.0
Imagine Earth,2014-05-20,True,76561198017212077,2.0
Scary Girl,2012-04-09,True,MrUnknownEMC,2.0
Airline Tycoon  Honey Airlines DLC,2012-04-19,True,MrUnknownEMC,2.0
Risen  Dark Waters,2012-04-26,True,mysterd,2.0
Dungeon Defenders Quest for the Lost Eternia Shards Part ,2012-04-26,False,n00bmobile,0.0
Risen  Dark Waters  Treasure Isle DLC,2012-04-27,True,76561198059715439,1.0
Binary Domain,2012-04-27,True,76561198051832446,0.0
Analogue A Hate Story,2012-04-27,False,superredranga,0.0
Total War SHOGUN   Dragon War Battle Pack,2012-05-01,True,76561198071684592,2.0
Saints Row The Third  Steelport Gangs Pack,2012-05-01,True,NinjaCowboy96,0.0
Train Simulator Settle Carlisle Specials AddOn,2012-05-03,True,NinjaCowboy96,0.0
Ticket to Ride  USA ,2012-05-24,True,NinjaCowboy96,0.0
Cities in Motion Paris,2012-05-15,False,NinjaCowboy96,0.0
Jagged Alliance  Back in Action Shades of Red DLC,2012-05-15,True,Nipleopleus,2.0
Serious Sam HD The Second Encounter,2010-04-28,False,76561198016067437,0.0
Serious Sam HD The Second Encounter  Legend of the Beast DLC,2012-05-15,True,76561198044752424,2.0
Nancy Drew Tomb of the Lost Queen,2012-05-16,False,No_Count,0.0
Dead Hungry Diner,2012-05-16,True,76561198088807138,2.0
Train Simulator BR Class  VEP EMU AddOn,2012-05-17,True,76561198080209148,0.0
Train Simulator Portsmouth Direct Line Route AddOn,2012-05-17,True,76561198102409708,2.0
Resident Evil Operation Raccoon City,2012-05-18,False,2547887,0.0
Alien Shooter  Conscription,2012-05-18,True,76561198051139390,2.0
Gratuitous Tank Battles,2012-05-17,True,76561198051139390,2.0
Farming Simulator Farming Classics Pack ,2012-05-18,True,MexyMax,0.0
Ticket to Ride  Europe,2012-05-24,False,76561198099718069,0.0
Ticket to Ride,2012-05-24,True,WardPimp,1.0
Train Simulator DB BR Loco AddOn,2012-05-24,True,mysterys,1.0
Train Simulator Class  Diamond Jubilee Loco AddOn,2012-05-31,True,P51DWT,1.0
Ys Origin,2012-05-31,True,P51DWT,1.0
Dungeon Defenders Talay Mining Complex Mission Pack,2012-05-31,True,h2ojustaddwater,1.0
Max Payne  Rockstar Pass,2012-05-31,True,76561198060678959,0.0
Max Payne ,2012-05-31,True,PeaceEagle,0.0
Binary Domain  Multiplayer Map Pack,2012-06-01,True,PeaceEagle,2.0
Binary Domain  Dan Marshall Pack,2012-06-01,True,souedu,1.0
Waveform Eris,2012-06-04,False,Pzop,0.0
The Lord of the Rings Online,2012-06-06,True,76561198041739032,1.0
Splice,2012-06-13,True,76561198032545347,1.0
Indie Game The Movie,2012-06-12,True,PuppyxKitten,1.0
Krater,2012-06-12,True,76561198100811093,2.0
LEGO Batman  DC Super Heroes,2012-06-22,True,pippipcheeriommmbangersandmash,1.0
Quantum Conundrum The Desmond Debacle,2012-06-21,False,76561198054162412,0.0
Vindictus,2012-06-22,False,76561198093768306,0.0
Sniper Elite V  Kill Hitler   Rifles,2012-06-06,False,speddoman,2.0
Call of Duty Modern Warfare  Collection ,2012-06-21,True,76561198035531441,0.0
Penny Arcades On the RainSlick Precipice of Darkness ,2012-06-25,True,Reagan3211,0.0
The Dark Eye Chains of Satinav,2012-06-22,False,ThatTTMRGuy,0.0
Dungeons amp Dragons Online Menace of the Underdark,2012-06-25,True,ILikeMintIceCream,2.0
Dungeons amp Dragons Online,2012-06-25,True,ILikeMintIceCream,1.0
Tom Clancys Ghost Recon Future Soldier,2012-06-26,False,epic_taco,0.0
Crusader Kings II Songs of the Caliph,2012-06-26,True,epic_taco,2.0
Expansion  Crusader Kings II Sword of Islam,2012-06-26,True,epic_taco,0.0
Quantum Conundrum,2012-06-21,True,epic_taco,0.0
Tribes Ascend,2012-06-27,True,spicydoggomemes,2.0
Killing Floor  Harold Lott Character Pack,2012-07-05,True,fuckoffandstopsharingmyprofile,2.0
Divine Divinity,2002-09-20,False,76561198069668522,0.0
Crusader Kings II African Unit Pack,2012-06-26,False,76561198069668522,0.0
Xotic DLC Warp Field Expansion Pack,2012-07-06,True,678rtv45,0.0
Foreign Legion Multi Massacre,2012-07-09,True,76561198042294034,0.0
Dungeon Defenders   Quest for the Lost Eternia Shards Part ,2012-07-10,True,sakmurachan,1.0
Magic  Goblin Gangland Deck Key,2012-07-11,True,76561198090934295,0.0
Magic  Pack Instinct Deck Key,2012-07-11,False,76561198090934295,0.0
Street Fighter X Tekken Hugo Swap Costume,2012-07-20,True,ScreamingAngels,2.0
Magic  Obedient Dead Foil Conversion,2012-07-11,False,M_D_,2.0
Magic  Goblin Gangland Foil Conversion,2012-07-11,True,ZechLZ,0.0
Street Fighter X Tekken Law Swap Costume,2012-07-20,True,-SEVEN-,1.0
Street Fighter X Tekken King Swap Costume,2012-07-20,False,-SEVEN-,1.0
Street Fighter X Tekken Julia Swap Costume,2012-07-24,True,76561198088748682,2.0
Street Fighter X Tekken Paul Swap Costume,2012-07-20,True,SGT_Corrion,1.0
Might amp Magic Heroes VI  Pirates of the Savage Sea Adventure Pack,2012-07-12,True,Eshdawg,1.0
Street Fighter X Tekken Ibuki Swap Costume,2012-07-20,True,Terminally-Chill,0.0
Street Fighter X Tekken Rolento Swap Costume,2012-07-20,True,Terminally-Chill,1.0
Street Fighter X Tekken Sagat Swap Costume,2012-07-20,True,SlenderTurtle,1.0
Street Fighter X Tekken Dhalsim Swap Costume,2012-07-20,False,76561198068953573,0.0
Street Fighter X Tekken Abel Swap Costume,2012-07-20,True,76561198095765519,2.0
Street Fighter X Tekken Lili Swap Costume,2012-07-20,True,nomoresilent,1.0
Street Fighter X Tekken Zangief Swap Costume,2012-07-20,True,Nyr1,2.0
Street Fighter X Tekken Raven Swap Costume,2012-07-24,True,kevin_rudd,2.0
Street Fighter X Tekken Yoshimitsu Swap Costume,2012-07-24,True,oddso,2.0
Street Fighter X Tekken Jin Swap Costume,2012-07-24,True,76561198119376787,2.0
Street Fighter X Tekken Ogre Swap Costume,2012-07-24,True,76561198084063741,2.0
Street Fighter X Tekken Xiaoyu Swap Costume,2012-07-24,True,76561198119867383,0.0
Street Fighter X Tekken Tekken Swap Costume Complete Pack,2012-07-24,True,nobody114514,2.0
Street Fighter X Tekken Street FighterTekken Shared Assist Gem Pack ,2012-07-24,True,76561198095748015,2.0
Street Fighter X Tekken Street FighterTekken Shared Assist Gem Pack ,2012-07-24,True,hedged,2.0
MDK HD,2012-07-30,True,floppymoppy,2.0
Shatter Official Videogame Soundtrack,2012-07-30,True,spankwankable,2.0
The Book of Unwritten Tales Digital Extras,2012-07-30,True,SwegSpuudddyyy69,0.0
Hearts of Iron III US Infantry Sprite Pack,2012-07-31,False,TustardCart,2.0
The Book of Unwritten Tales,2012-07-31,False,76561198074319125,0.0
Victoria II A House Divided  American Civil War Spritepack,2012-07-31,True,GhostZeroXD,0.0
Street Fighter X Tekken Street Fighter Swap Costume Complete Pack,2012-07-24,True,steviescoop,2.0
A Virus Named TOM,2012-08-01,True,76561198146862794,2.0
eXceed nd  Vampire REX,2012-08-02,True,76561198062469316,0.0
A Virus Named TOM Soundtrack,2012-08-01,True,76561198070588180,2.0
eXceed rd  Jade Penetrate Black Package,2012-08-02,True,StrayDog8797,2.0
Ticket to Ride  Legendary Asia,2012-08-02,True,SFort,2.0
Death Rally,2012-08-03,True,SuperScore,1.0
Train Simulator CN SD Wide Nose Loco AddOn,2012-08-03,False,tamlieu,2.0
Sleeping Dogs The Red Envelope Pack,2012-08-21,False,tamlieu,2.0
Train Simulator SD V Volume  Loco AddOn,2012-08-03,True,RIPTatsumaru,2.0
Killing Floor  Ash Harding Character Pack,2012-08-10,True,hauntedblast,2.0
Hero Academy,2012-08-10,True,Gotemlostinme,2.0
Train Simulator DB ICE  EMU AddOn,2012-08-09,False,terrill000,0.0
Iron Brigade,2012-08-13,True,TetisTiger,2.0
Sleeping Dogs Top Dog Silver Pack,2012-08-13,True,TetisTiger,0.0
Sleeping Dogs Retro Triad Pack,2012-08-13,True,76561198001160024,2.0
Galaxy on Fire  Full HD,2012-08-21,True,76561198061611219,2.0
CounterStrike Global Offensive,2012-08-21,True,mitchbigd,2.0
STAR WARS Knights of the Old Republic II  The Sith Lords,2005-02-08,True,76561198070264437,2.0
Dins Curse,2010-03-31,True,1626466724893520,2.0
AVSEQ,2012-08-23,True,58254410,1.0
Train Simulator Southern Pacific Cab Forward Loco AddOn,2012-08-23,True,lookhereifyoureastalker,2.0
Train Simulator PRR GE  Loco AddOn,2012-08-23,False,lookhereifyoureastalker,2.0
Train Simulator UP GE  Loco AddOn,2012-08-23,True,someonelewd,1.0
Gotham City Impostors Free to Play Premium Card Pack ,2012-08-30,False,76561198038741062,2.0
Gotham City Impostors Free to Play Killah Kitteh,2012-08-30,True,matoegos,2.0
Gotham City Impostors Free to Play Steampunk Costume,2012-08-30,True,TheDarkSteveh,2.0
Gotham City Impostors Free to Play Stitches,2012-08-30,True,TheDarkSteveh,0.0
Gotham City Impostors Free to Play Ninja Costume,2012-08-30,True,TheFazza,2.0
Closure,2012-09-07,True,HuskyWaffle,1.0
Gotham City Impostors Free to Play Harlette,2012-08-30,False,Element121,0.0
Gotham City Impostors Free to Play Support Item Pack  Professional,2012-08-30,True,76561198060398831,1.0
Gotham City Impostors Free to Play Weapon Pack  Ultimate,2012-08-30,False,tracknumberseven,0.0
Gotham City Impostors Free to Play Support Item Pack  Starter,2012-08-30,False,tortoisecreative,1.0
Gotham City Impostors Free to Play Crocky,2012-08-30,False,Turbo_Husky,2.0
Gotham City Impostors Free to Play Weapon Pack  Professional,2012-08-30,False,u2late,0.0
Gotham City Impostors Free to Play Premium Card Pack ,2012-08-30,True,BigSmokePhil,2.0
Gotham City Impostors Free to Play Costume Coin Boost  Solo,2012-08-30,True,viprin,2.0
To the Moon Soundtrack,2012-09-07,True,V0rT3xThe3rd,1.0
Batman Arkham City  Game of the Year Edition,2012-09-07,True,TheOnlyVelvet,2.0
To the Moon,2011-11-01,True,TheOnlyVelvet,2.0
Intrusion ,2012-09-11,True,zeriora,0.0
Gotham City Impostors Free to Play Ultimate Impostor Kit,2012-08-30,True,volka,0.0
Critter Crunch,2012-09-11,True,W33dl3y,2.0
Hearts of Iron III Sounds of Conflict,2012-09-12,True,W33dl3y,0.0
Arma  Army of the Czech Republic,2012-09-12,True,warheads,2.0
Jet Set Radio,2012-09-19,True,warheads,0.0
Magic The Gathering  Duels of the Planeswalkers  Expansion,2012-09-19,True,Warrfoxx,0.0
Awesomenauts  Expendable Clunk Skin,2012-09-19,True,Warrfoxx,2.0
Awesomenauts  Bumble Gnaw Skin,2012-09-19,True,76561198082569416,2.0
Awesomenauts  Hotrod Derpl Skin,2012-09-19,True,AnOddBandit,2.0
Awesomenauts  Kosmonaut Yuri Skin,2012-09-19,True,LeZoidberg,0.0
Awesomenauts  Grandmaster Splash Skin,2012-09-19,True,SuperVegito45,1.0
Awesomenauts  Coco Hawaii Skin,2012-09-19,True,76561198026497579,2.0
Might amp Magic Heroes VI  Danse Macabre Adventure Pack,2012-09-27,True,76561198035790591,2.0
Resident Evil Operation Raccoon City  Renegade Weapons Pack,2012-09-24,True,76561198035790591,2.0
Resident Evil Operation Raccoon City  Classic Weapons Pack,2012-09-24,True,steamxanbunny,0.0
Resident Evil Operation Raccoon City  Elite Weapons Pack,2012-09-24,False,steamxanbunny,0.0
Resident Evil Operation Raccoon City  Echo Six Expansion Pack ,2012-09-24,True,76561198079408469,2.0
Resident Evil Operation Raccoon City  Weapon Stash,2012-09-24,True,L0RDVAD3R,2.0
Resident Evil Operation Raccoon City  Echo Six Expansion Pack ,2012-09-24,True,L0RDVAD3R,2.0
The Testament of Sherlock Holmes,2012-09-25,False,76561198049676894,2.0
ETHER VAPOR Remaster,2012-09-27,True,YaraManco,2.0
Carrier Command Gaea Mission,2012-09-28,True,YaYa7979,2.0
DCoat V,2012-10-02,True,76561198075993539,2.0
BITTRIPCORE Soundtrack,2012-10-02,False,InjectingMarijuanas,2.0
Cortex Command,2012-09-28,True,76561198121985910,2.0
Dogfight  Russia Under Siege,2012-09-28,True,yvanne,2.0
BITTRIP CORE,2012-10-02,True,yvanne,2.0
Borderlands  Mechromancer Pack,2012-10-09,False,sirnephilim,2.0
Duels  Aura Servants Deck Key,2012-10-10,True,snakedog,2.0
Duels  Mindstorms Deck Key,2012-10-10,True,76561198064736339,2.0
Duels  Mindstorms Foil Conversion,2012-10-10,True,pdiddymohouze,1.0
Duels  Collective Might Foil Conversion,2012-10-10,True,st0p-stalk,2.0
Duels  Aura Servants Foil Conversion,2012-10-10,True,JimmyPlant,2.0
Rocksmith  Queen  Keep Yourself Alive,2012-10-16,True,2EzRogueDH,2.0
Duels  Collective Might Deck Key,2012-10-10,True,rizkywarouw,2.0
Duels  Sepulchral Strength Deck Key,2012-10-10,True,AgrarianSkyX,0.0
Rocketbirds Hardboiled Chicken,2012-10-15,True,LieutenantFury,0.0
Doom  BFG Edition,2012-10-15,True,heylistenm8,2.0
Borderlands   Captain Scarlett and her Pirates Booty,2012-10-16,True,TheMishdyHub,2.0
Sleeping Dogs  Street Racer Pack,2012-10-16,True,ErrorT3rm1n4l,1.0
Sleeping Dogs  Tactical Soldier Pack,2012-10-16,True,ErrorT3rm1n4l,1.0
Dungeon Defenders Anniversary Pack,2012-10-16,True,_Minja,2.0
Crusader Kings II Songs of Byzantium,2012-10-16,True,guygu6,1.0
Rocksmith  My Chemical Romance  Planetary GO,2012-10-16,True,moniinthebag,2.0
Rocksmith   Doors Down  Song Pack,2012-10-16,True,tuckismad,2.0
Rocksmith  The Police  Synchronicity II,2012-10-16,False,irmikeee,2.0
Rocksmith   Doors Down  Loser,2012-10-16,False,deviousbastard,0.0
Rocksmith   Doors Down  When Im Gone,2012-10-16,True,76561197971851704,2.0
Rocksmith  blink  All The Small Things,2012-10-16,True,beanseller,2.0
Rocksmith  blink  Dammit,2012-10-16,True,76561197982124018,0.0
Rocksmith  The Black Keys  Just Got To Be,2012-10-16,True,theroleplaygamer,2.0
Rocksmith  Pearl Jam  Black,2012-10-16,True,theroleplaygamer,2.0
Rocksmith  The Police  Roxanne,2012-10-16,True,kazanmor,2.0
Rocksmith  Queen  Stone Cold Crazy,2012-10-16,True,J-BwB,2.0
Rocksmith  The Allman Brothers Band  Jessica,2012-10-16,True,alienc,2.0
Rocksmith  Marvin Gaye  Whats Going On,2012-10-16,False,sk0p3d4ft3rsk00l,0.0
Rocksmith  Albert King with Stevie Ray Vaughan  Born Under a Bad Sign,2012-10-16,True,walterlol,0.0
Rocksmith  The Blues Brothers Band  Soul Man,2012-10-16,True,smarthio,2.0
Rocksmith  The Black Keys Song Pack,2012-10-16,False,76561198013535175,0.0
Rocksmith  Megadeth Song Pack,2012-10-16,True,sdq101,2.0
Rocksmith  Queen Song Pack,2012-10-16,False,76561198015882376,0.0
Rocksmith  My Chemical Romance Song Pack,2012-10-16,False,76561198020246111,0.0
Rocksmith  The Allman Brothers Band  Whipping Post,2012-10-16,True,ecosweetz,2.0
Rocksmith  My Chemical Romance  Na Na Na Na Na Na Na Na,2012-10-16,True,gangstapimpplaya,2.0
Rocksmith  The Temptations  My Girl,2012-10-16,True,misschekie,0.0
Rocksmith  Megadeth  Public Enemy No ,2012-10-16,True,thomasonefoot,0.0
Rocksmith  Deep Purple  Smoke on the Water,2012-10-16,True,nikpasic,2.0
Rocksmith  Megadeth  Symphony of Destruction,2012-10-16,False,dootz,2.0
Rocksmith,2012-10-16,True,Lenzarious,2.0
Edna amp Harvey Harveys New Eyes,2012-10-16,True,76561198033266228,0.0
Unity of Command Stalingrad Campaign,2012-10-17,False,SvDKILLSWITCH,2.0
Primal Carnage,2012-10-29,True,76561198034857562,2.0
Rocksmith  The Knack  My Sharona,2012-10-16,True,76561198038567931,2.0
Rocksmith   Doors Down  Kryptonite,2012-10-16,False,76561198038567931,1.0
Giana Sisters Twisted Dreams,2012-10-22,False,76561198038567931,0.0
Tropico  Pirate Heaven DLC,2012-10-23,True,76561198039880975,2.0
A Game of Dwarves,2012-10-23,False,LordMinion777,0.0
XCOM Enemy Unknown  Elite Soldier Pack,2012-10-23,False,xXPOTATOSLADXx,0.0
Hotline Miami,2012-10-23,False,princemart,2.0
Sleeping Dogs The SWAT Pack,2012-10-23,True,eileen007,0.0
Sleeping Dogs Screen Legends Pack,2012-10-23,True,therestisnoise,1.0
Krater  Character DLC Mayhem MK,2012-10-23,True,WolfgangKillDemAll,2.0
Guns of Icarus Online,2012-10-29,True,76561198043392285,2.0
Condemned Criminal Origins,2006-04-11,True,-PRoSlayeR-,2.0
Beyond Divinity,2004-04-27,True,76561198043664811,1.0
Magicka Grimnirs Laboratory,2012-10-29,True,StayMad,2.0
Divinity II Developers Cut,2012-10-29,True,Astrona,2.0
Rocksmith  Avenged Sevenfold  Beast and the Harlot,2012-10-30,True,Bonk_Boy,0.0
Rocksmith  Avenged Sevenfold  Afterlife,2012-10-30,True,76561198047679159,2.0
POSTAL ,2003-04-13,True,76561198047693993,0.0
F RACE STARS,2012-11-13,True,youdienow,2.0
Chaos on Deponia,2012-11-06,False,76561198050506383,0.0
Gemini Wars,2012-11-02,True,Cleze,2.0
APB Reloaded Urban Survival Pack,2012-11-06,True,Akko6288,1.0
Magic The Gathering   Deck Pack ,2012-11-07,False,BecHyIIIka,1.0
Worms Revolution  Mars Pack,2012-11-07,True,sschuarmatt,2.0
Gratuitous Tank Battles  The Western Front,2012-11-09,True,76561198054027097,0.0
Sine Mora,2012-11-09,False,shiinaakashi,0.0
FlyN,2012-11-09,True,76561198056640962,0.0
Puddle,2012-11-09,False,JugglerShang,0.0
Memento Mori,2012-11-09,True,JugglerShang,0.0
Clan of Champions  New Helmet Pack ,2012-11-09,True,76561198057276193,2.0
Clan of Champions  Item Box ,2012-11-09,True,76561198058697824,0.0
Clan of Champions  New Armor Pack ,2012-11-09,True,Sly_Elf,2.0
Call of Duty Black Ops II,2012-11-12,True,76561198060545297,2.0
Sleeping Dogs Deep Undercover Pack,2012-11-13,True,76561198060545297,2.0
Sleeping Dogs  Triad Enforcer Pack,2012-11-13,True,76561198060545297,0.0
F Race Stars  Music Accessory Pack,2012-11-13,True,IYITHEBOY,1.0
Sleeping Dogs Square Enix Character Pack,2012-11-13,True,76561198061315361,2.0
F Race Stars  Science Accessory Pack,2012-11-13,True,SethSentry,2.0
F Race Stars  Princess Accessory Pack,2012-11-13,True,76561198064948275,0.0
F Race Stars  Nature Accessory Pack,2012-11-13,True,76561198064985698,2.0
F Race Stars  Monster Accessory Pack,2012-11-13,True,tadlicated,2.0
Jagged Alliance   Wildfire,2004-03-08,False,tadlicated,2.0
Hitman Absolution Bartoli Custom Gun,2012-11-19,True,76561198067997800,2.0
Hitman Absolution Agency HX UMP,2012-11-19,True,76561198068620780,2.0
Hitman Absolution Agency SPS ,2012-11-19,True,NeoZenith1,2.0
Hitman Absolution Deus Ex Adam Jensen Handgun,2012-11-19,True,NeoZenith1,1.0
Hitman Absolution High Tech Disguise,2012-11-19,True,ThomWin,2.0
Hitman Absolution Deus Ex Adam Jensen Disguise,2012-11-19,True,shialebeoufmeme,2.0
The Sims  Supernatural,2012-11-20,True,Katzieon,2.0
The Sims  Diesel Stuff,2012-11-20,True,dmitry_who,1.0
The Sims  Seasons,2012-11-20,True,76561198070651185,2.0
Magic  Act of War Deck Key,2012-11-21,True,76561198070698244,2.0
Magic  Sky and Scale Foil Conversion,2012-11-21,False,76561198070894525,0.0
Magic  Act of War Foil Conversion,2012-11-21,False,76561198071755703,1.0
Magic  Sky and Scale Deck Key,2012-11-21,False,76561198071901614,0.0
Worms Revolution Medieval Tales DLC,2012-11-21,True,76561198071901614,1.0
Train Simulator Union Pacific Big Boy Loco AddOn,2012-11-23,False,pnktoud,0.0
Miasmata,2012-11-28,True,sparksflynn,0.0
Stealth Bastard Deluxe  Soundtrack,2012-11-28,True,sparksflynn,2.0
Tomb Raider VI The Angel of Darkness,2012-11-28,True,Get_SiCkled,2.0
Stealth Bastard Deluxe,2012-11-28,True,softchippi,0.0
GT Legends,2005-09-26,True,youngbenaffleck,1.0
Trainz Simulator DLC PRR T,2012-11-29,True,TheNotPlaying,0.0
The Book of Unwritten Tales The Critter Chronicles,2012-12-05,True,76561198076735654,2.0
Primordia,2012-12-05,True,76561198077524144,0.0
A Game of Dwarves Star Dwarves,2012-12-06,True,76561198077818232,2.0
Mabinogi,2012-12-06,False,75791513,2.0
Triple Town,2012-12-06,False,76561198079355713,0.0
Legacy of Kain Defiance,2003-12-17,True,therealsupah,2.0
Legacy of Kain Soul Reaver,2012-12-06,True,dratini147,1.0
Train Simulator Union Pacific SD Loco AddOn,2012-12-06,True,76561198080270958,1.0
Iron Sky Invasion,2012-12-13,True,76561198081155725,2.0
Assassins Creed III  The Hidden Secrets Pack,2012-12-11,True,trolololololololololohehelolol,1.0
Port Royale  New Adventures DLC,2012-12-11,True,dizzy_zane,2.0
Rocksmith  Nickelback   Song Pack,2012-12-11,True,76561198082823023,0.0
A New Beginning  Final Cut,2012-12-11,True,whydafaqareyoustalkingme,1.0
Rocksmith  Nickelback  How You Remind Me,2012-12-11,False,76561198083368303,0.0
NiGHTS Into Dreams,2012-12-17,True,ramjamslam,0.0
Train Simulator EdinburghGlasgow Route AddOn,2011-03-25,False,scarfacejoe10,2.0
SpellForce   Faith in Destiny Scenario  Flinks Secret Diary,2012-12-17,True,Fikolius,2.0
Hearts of Iron III British Vehicle Spritepack,2012-12-17,True,76561198089026473,1.0
Hearts of Iron III Japanese Vehicle Spritepack,2012-12-17,True,marikoelquelolea,2.0
Rage The Scorchers,2012-12-18,True,MalignusBR,2.0
Tropico  Vigilante DLC,2012-12-18,True,JonesD2017,0.0
Rocksmith  Foo Fighters  Wheels,2012-12-18,True,Shadowcyhte,0.0
Rocksmith  Foo Fighters  Times Likes These,2012-12-18,True,LonTheDarkGamer,0.0
Rocksmith  Foo Fighters  My Hero,2012-12-18,True,MagmaCIaw,2.0
Rocksmith  Foo Fighters  Walk,2012-12-18,True,-Ultrix,2.0
Sacred  Gold,2012-12-21,True,isse7enfold5,2.0
Train Simulator Donner Pass Southern Pacific Route AddOn,2012-12-21,True,76561198095928099,0.0
Splice Epilogue Soundtrack,2012-12-31,True,76561198095928099,1.0
Angelica Weaver Catch Me When You Can,2013-01-07,True,HarrisonDealSteam,2.0
F Race Stars  China Track,2013-01-07,True,amillionlemons,2.0
F Race Stars  Canada Track,2013-01-07,True,amillionlemons,2.0
Primal Fears,2013-01-08,True,76561198097768337,2.0
F Race Stars  India Track,2013-01-07,True,MsVen,2.0
Worms Ultimate Mayhem  Multiplayer Pack DLC,2013-01-09,True,MsVen,1.0
Train Simulator DB ICE  EMU AddOn,2013-01-10,True,76561198099852870,0.0
Fieldrunners ,2013-01-10,True,rexsniper,1.0
Sword of the Stars II Soundtrack,2013-01-09,False,76561198100529585,0.0
Sins of a Solar Empire Rebellion  Original Soundtrack,2013-01-11,True,Axys79,2.0
Gratuitous Space Battles The Outcasts,2013-01-11,True,PulpCraft,1.0
Rocksmith  The Strokes  Reptilia,2013-01-22,True,76561198106568060,2.0
SpellForce   Faith in Destiny Scenario  The Golden Fool,2013-01-18,True,memesfrescas,1.0
Painkiller Hell amp Damnation Satan Claus DLC,2013-01-17,False,TheJewsDidNineEleven,0.0
Borderlands  Commando Supremacy Pack,2013-01-22,True,moruera,1.0
Borderlands  Commando Domination Pack,2013-01-22,True,moruera,2.0
Spectromancer Gathering of Power,2013-01-21,True,76561198125270928,0.0
Borderlands  Siren Madness Pack,2013-01-22,False,76561198125270928,0.0
Borderlands  Gunzerker Madness Pack,2013-01-22,True,SomeRandomCarrot,0.0
Borderlands  Gunzerker Domination Pack,2013-01-22,True,76561198127058661,2.0
Borderlands  Siren Domination Pack,2013-01-22,True,geekmannerd,2.0
Strike Suit Zero Soundtrack,2013-01-23,True,76561198133180878,2.0
Strike Suit Zero,2013-01-23,True,42456,2.0
The Cave,2013-01-23,True,thisisatrash,2.0
Ace Combat Assault Horizon  Enhanced Edition,2013-01-24,True,valinorau,2.0
Hotline Miami Soundtrack,2013-01-24,True,imakeclocks,0.0
DmC Devil May Cry,2013-01-24,True,76561198208704549,0.0
Defense Grid Containment DLC,2013-01-23,True,MeloncraftLP,0.0
